subject,fileId
http://dbpedia.org/resource/James_McCracken,1277042
http://dbpedia.org/resource/Chumei_Watanabe,52191236
http://dbpedia.org/resource/John_Conlee,2536629
http://dbpedia.org/resource/Ray_Nance,756836
http://dbpedia.org/resource/George_W._Johnson_(singer),362368
http://dbpedia.org/resource/Dolly_Sisters,2697408
http://dbpedia.org/resource/Wallace_Hartley,1813252
http://dbpedia.org/resource/Bessie_Jones_(American_singer),2403638
http://dbpedia.org/resource/Toma_Zdravković,3301109
http://dbpedia.org/resource/Joaquín_Rodrigo,2490118
http://dbpedia.org/resource/Marion_Bell,52266861
http://dbpedia.org/resource/Richie_Furay,782651
http://dbpedia.org/resource/Tommy_Dorsey,175068
http://dbpedia.org/resource/Russ_Tamblyn,763791
http://dbpedia.org/resource/John_Abercrombie_(guitarist),2790693
http://dbpedia.org/resource/Flip_Wilson,577798
http://dbpedia.org/resource/Tony_Scotti,2455907
http://dbpedia.org/resource/Line_Dariel,51328130
http://dbpedia.org/resource/Theodor_Leschetizky,711489
http://dbpedia.org/resource/Vern_Yocum,2327936
http://dbpedia.org/resource/Yūjirō_Ishihara,1520949
http://dbpedia.org/resource/George_Perle,623861
http://dbpedia.org/resource/Jeremy_Bentham,46038
http://dbpedia.org/resource/Marguerite_Monnot,1195717
http://dbpedia.org/resource/Minnie_Pearl,690900
http://dbpedia.org/resource/Ivry_Gitlis,1324135
http://dbpedia.org/resource/Frank_Weston_Benson,2351960
http://dbpedia.org/resource/Boxcar_Willie,891378
http://dbpedia.org/resource/James_Mitchell_(actor),918090
http://dbpedia.org/resource/Khursheed_Bano,2864817
http://dbpedia.org/resource/Bob_Acri,50883370
http://dbpedia.org/resource/Bill_Putnam,1799252
http://dbpedia.org/resource/Melvyn_Bragg,364506
http://dbpedia.org/resource/Don_Ellis,975107
http://dbpedia.org/resource/Tom_Malone_(musician),2722084
http://dbpedia.org/resource/Sippie_Wallace,1111730
http://dbpedia.org/resource/Brian_Hyland,419012
http://dbpedia.org/resource/Marie_Juliette_Louvet,222192
http://dbpedia.org/resource/Virginia_Bruce,868762
http://dbpedia.org/resource/Al_Alberts,3517771
http://dbpedia.org/resource/Édouard_Souberbielle,52929265
http://dbpedia.org/resource/Percy_Dearmer,3365880
http://dbpedia.org/resource/Kenny_Burrell,787997
http://dbpedia.org/resource/Murray_the_K,486934
http://dbpedia.org/resource/Charlie_McCoy,1540074
http://dbpedia.org/resource/Emma_Albani,194903
http://dbpedia.org/resource/Christopher_Walken,167790
http://dbpedia.org/resource/Robert_Brustein,2656520
http://dbpedia.org/resource/Gilbert_Price,2755844
http://dbpedia.org/resource/Charles-François_Plantade,50674114
http://dbpedia.org/resource/Esperanza_López_Mateos,51997395
http://dbpedia.org/resource/Anna_King_(singer),52267409
http://dbpedia.org/resource/Lew_Tabackin,2612142
http://dbpedia.org/resource/Roy_Estrada,2558336
http://dbpedia.org/resource/John_Hawken,3700862
http://dbpedia.org/resource/Lee_Wiley,652155
http://dbpedia.org/resource/Andy_Rodgers_(musician),52114060
http://dbpedia.org/resource/Mel_Tormé,376223
http://dbpedia.org/resource/Lyda_Roberti,984982
http://dbpedia.org/resource/Wilhelm_Müller,330103
http://dbpedia.org/resource/Marsha_Norman,1142145
http://dbpedia.org/resource/Paul_Whiteman,100273
http://dbpedia.org/resource/Lol_Coxhill,144624
http://dbpedia.org/resource/Stu_Cook,1588479
http://dbpedia.org/resource/Larnelle_Harris,2508330
http://dbpedia.org/resource/Rosalind_Cash,827624
http://dbpedia.org/resource/Pierre-Ange_Vieillard,51082587
http://dbpedia.org/resource/Björn_Ulvaeus,3740
http://dbpedia.org/resource/Boyd_Bennett,2474795
http://dbpedia.org/resource/Don_Covay,2911472
http://dbpedia.org/resource/Charles_Wuorinen,341837
http://dbpedia.org/resource/Shelley_Berman,1253783
http://dbpedia.org/resource/Walford_Davies,192586
http://dbpedia.org/resource/Ray_Steadman-Allen,2447748
http://dbpedia.org/resource/David_Peel_(musician),1566892
http://dbpedia.org/resource/Vince_Guaraldi,42203
http://dbpedia.org/resource/Boris_Vian,82413
http://dbpedia.org/resource/Michael_Graves,53408
http://dbpedia.org/resource/Myroslav_Skoryk,3143897
http://dbpedia.org/resource/Joe_Seneca,2871279
http://dbpedia.org/resource/Thomas_Mapfumo,399509
http://dbpedia.org/resource/Wojciech_Bogusławski,2839253
http://dbpedia.org/resource/Lucecita_Benítez,215098
http://dbpedia.org/resource/Suman_Kalyanpur,1798531
http://dbpedia.org/resource/Sheldon_Harnick,852908
http://dbpedia.org/resource/Mark_Dinning,1598663
http://dbpedia.org/resource/Mal_Waldron,671985
http://dbpedia.org/resource/Eberhard_Weber,523975
http://dbpedia.org/resource/Charles_Trenet,313835
http://dbpedia.org/resource/Gunadasa_Kapuge,1207899
http://dbpedia.org/resource/Martin_Rev,1850886
http://dbpedia.org/resource/René_de_Buxeuil,50914512
http://dbpedia.org/resource/Shalom_Ronli-Riklis,51129468
http://dbpedia.org/resource/Dodo_Marmarosa,277090
http://dbpedia.org/resource/Alfred_Brendel,140417
http://dbpedia.org/resource/Stephen_H._Sholes,1561694
http://dbpedia.org/resource/Doris_Day,8300
http://dbpedia.org/resource/Jim_McCarty_(guitarist),3731062
http://dbpedia.org/resource/Louise_Bourgeois,604117
http://dbpedia.org/resource/Jack_Buchanan,893552
http://dbpedia.org/resource/Katri_Helena,1790137
http://dbpedia.org/resource/Alfred_Deller,86939
http://dbpedia.org/resource/Norbert_Brainin,876268
http://dbpedia.org/resource/Gerry_Rafferty,1068160
http://dbpedia.org/resource/Julie_Driscoll,2322673
http://dbpedia.org/resource/Stu_Sutcliffe,125311
http://dbpedia.org/resource/François-André_Danican_Philidor,90447
http://dbpedia.org/resource/Helen_Maria_Williams,1291515
http://dbpedia.org/resource/Florence_Price,1413746
http://dbpedia.org/resource/Gilda_Radner,90698
http://dbpedia.org/resource/Peter_Gustav_Lejeune_Dirichlet,240002
http://dbpedia.org/resource/Siegfried_Alkan,370445
http://dbpedia.org/resource/Clarence_%22Frogman%22_Henry,1441938
http://dbpedia.org/resource/Art_Garfunkel,70986
http://dbpedia.org/resource/Charlie_Byrd,1599087
http://dbpedia.org/resource/Gerry_Marsden,922045
http://dbpedia.org/resource/Walter_Pidgeon,145644
http://dbpedia.org/resource/Jesse_Winchester,2484677
http://dbpedia.org/resource/Françoise_Hardy,1028178
http://dbpedia.org/resource/John_Hay,16578
http://dbpedia.org/resource/Felix_Pappalardi,299412
http://dbpedia.org/resource/Auguste_Chapuis,50674376
http://dbpedia.org/resource/Ben_E._King,363631
http://dbpedia.org/resource/Boz_Scaggs,630138
http://dbpedia.org/resource/Chuck_Jones,7672
http://dbpedia.org/resource/Jester_Hairston,3514919
http://dbpedia.org/resource/Neil_Diamond,165113
http://dbpedia.org/resource/Heino,1024347
http://dbpedia.org/resource/Pat_Hare,1023303
http://dbpedia.org/resource/Kaikhosru_Shapurji_Sorabji,1127222
http://dbpedia.org/resource/Vaughn_Monroe,529813
http://dbpedia.org/resource/Richard_O'Brien,489381
http://dbpedia.org/resource/Marius-Pierre_Audran,50798971
http://dbpedia.org/resource/Kenny_Clarke,512518
http://dbpedia.org/resource/Martin_Carthy,185202
http://dbpedia.org/resource/Jon_Hendricks,1529361
http://dbpedia.org/resource/Albert_Brooks,3075
http://dbpedia.org/resource/Arne_Nordheim,1547707
http://dbpedia.org/resource/Christopher_Hampton,1302505
http://dbpedia.org/resource/George_Walker_(composer),742176
http://dbpedia.org/resource/Wayne_Duncan_(musician),52470803
http://dbpedia.org/resource/Bruce_Nauman,50230
http://dbpedia.org/resource/Phil_Harris,726151
http://dbpedia.org/resource/Eric_Griffiths,1456343
http://dbpedia.org/resource/Douglas_Shearer,186175
http://dbpedia.org/resource/Morris_Broadnax,51130819
http://dbpedia.org/resource/Basil_Coetzee,556909
http://dbpedia.org/resource/Bob_McGrath,1600435
http://dbpedia.org/resource/Tatyana_Lioznova,3228328
http://dbpedia.org/resource/Ivar_Haglund,759988
http://dbpedia.org/resource/Narciso_Figueroa,2751944
http://dbpedia.org/resource/Jackie_Gleason,143114
http://dbpedia.org/resource/Forrest_Tucker,788959
http://dbpedia.org/resource/Sabah_(singer),3791501
http://dbpedia.org/resource/Knut_Nystedt,3130321
http://dbpedia.org/resource/Booker_T._Jones,290117
http://dbpedia.org/resource/Franz_Liszt,67379
http://dbpedia.org/resource/Mary_McCarthy_(author),1359335
http://dbpedia.org/resource/Barry_Melton,1174834
http://dbpedia.org/resource/Paul_Horn_(musician),3596773
http://dbpedia.org/resource/Lucille_Hegamin,250370
http://dbpedia.org/resource/Harvey_Goldsmith,2667661
http://dbpedia.org/resource/Hal_Russell,588756
http://dbpedia.org/resource/Nikolaus_Harnoncourt,154959
http://dbpedia.org/resource/Skip_Spence,2488161
http://dbpedia.org/resource/Julian_Eltinge,622305
http://dbpedia.org/resource/Illinois_Jacquet,240340
http://dbpedia.org/resource/Eric_Burdon,375645
http://dbpedia.org/resource/Kay_Kyser,1070521
http://dbpedia.org/resource/Percy_Goetschius,3529094
http://dbpedia.org/resource/Hans_Albers,1175222
http://dbpedia.org/resource/Celia_Cruz,166331
http://dbpedia.org/resource/Jane_Birkin,84783
http://dbpedia.org/resource/Edward_Heath,52269
http://dbpedia.org/resource/James_Brown,15766
http://dbpedia.org/resource/John_Fogerty,170021
http://dbpedia.org/resource/Graham_Nash,249742
http://dbpedia.org/resource/Zarah_Leander,736528
http://dbpedia.org/resource/Luiz_Gonzaga,833109
http://dbpedia.org/resource/Steve_Howe,529161
http://dbpedia.org/resource/Jimmy_Rowles,2423427
http://dbpedia.org/resource/Feliciano_Amaral,53069650
http://dbpedia.org/resource/Hy_Anzell,2344136
http://dbpedia.org/resource/Gholam-Hossein_Banan,1261779
http://dbpedia.org/resource/Miles_Davis,20405
http://dbpedia.org/resource/Chester_Kallman,719979
http://dbpedia.org/resource/Povel_Ramel,1188821
http://dbpedia.org/resource/Janis_Carter,3770842
http://dbpedia.org/resource/Veturi,284825
http://dbpedia.org/resource/Don_Rickles,152195
http://dbpedia.org/resource/Gayla_Peevey,3521750
http://dbpedia.org/resource/Dionysis_Savvopoulos,1232492
http://dbpedia.org/resource/Dionysios_Solomos,295286
http://dbpedia.org/resource/Lionel_Hampton,78231
http://dbpedia.org/resource/Gail_Collins_Pappalardi,1181295
http://dbpedia.org/resource/David_Maslanka,3372135
http://dbpedia.org/resource/Grigori_Kozintsev,2385870
http://dbpedia.org/resource/Daniel_Viglietti,2516568
http://dbpedia.org/resource/Ronnie_Lane,188533
http://dbpedia.org/resource/Martin_Barre,772715
http://dbpedia.org/resource/Michelle_Phillips,444493
http://dbpedia.org/resource/Harold_Budd,754282
http://dbpedia.org/resource/Itzhak_Perlman,168478
http://dbpedia.org/resource/Paul_Williams_(songwriter),371868
http://dbpedia.org/resource/Mel_McDaniel,2541302
http://dbpedia.org/resource/Teppo_Hauta-aho,1077508
http://dbpedia.org/resource/Vasily_Lanovoy,2682932
http://dbpedia.org/resource/Labi_Siffre,1035724
http://dbpedia.org/resource/Ralph_de_Toledano,3302723
http://dbpedia.org/resource/Luc_Ferrari,113049
http://dbpedia.org/resource/Walter_Parratt,192739
http://dbpedia.org/resource/Jean_Sablon,481738
http://dbpedia.org/resource/Pat_Upton_(singer),52007703
http://dbpedia.org/resource/William_H._Gass,399251
http://dbpedia.org/resource/Charles_Wright_(poet),1351998
http://dbpedia.org/resource/Ian_Tamblyn,3388232
http://dbpedia.org/resource/Arthur_Lowe,251481
http://dbpedia.org/resource/Dieter_Meier,3027978
http://dbpedia.org/resource/Judy_Clay,1823012
http://dbpedia.org/resource/Frank_Wilson_(musician),1399340
http://dbpedia.org/resource/Connie_Russell,2307312
http://dbpedia.org/resource/Alessandro_Moreschi,460378
http://dbpedia.org/resource/Henderson_Forsythe,884153
http://dbpedia.org/resource/Hampton_Hawes,1384081
http://dbpedia.org/resource/Clarence_%22Gatemouth%22_Brown,2437473
http://dbpedia.org/resource/Burton_Lane,767288
http://dbpedia.org/resource/Pattie_Boyd,825643
http://dbpedia.org/resource/Betty_Carter,1420817
http://dbpedia.org/resource/Cholly_Atkins,2512661
http://dbpedia.org/resource/Krishna_Das_(singer),1400829
http://dbpedia.org/resource/John_Erskine_(educator),859482
http://dbpedia.org/resource/Dely_Atay-Atayan,3587403
http://dbpedia.org/resource/Big_Maybelle,524048
http://dbpedia.org/resource/Tony_Robinson,57973
http://dbpedia.org/resource/Jack_Foley_(sound_effects_artist),455790
http://dbpedia.org/resource/Arthur_Freed,226142
http://dbpedia.org/resource/Ida_Cox,300931
http://dbpedia.org/resource/Carolee_Schneemann,1870977
http://dbpedia.org/resource/Carlos_P._Romulo,647820
http://dbpedia.org/resource/Peter_Rowan,2464424
http://dbpedia.org/resource/Marilyn_Monroe,19318
http://dbpedia.org/resource/Mickey_Katz,2416191
http://dbpedia.org/resource/José_Sarria,898417
http://dbpedia.org/resource/Alan_W._Livingston,2451984
http://dbpedia.org/resource/César_Costa,3155747
http://dbpedia.org/resource/Buck_Owens,381560
http://dbpedia.org/resource/Wadada_Leo_Smith,393992
http://dbpedia.org/resource/Suzanne_Ciani,3683614
http://dbpedia.org/resource/Alan_Vega,797572
http://dbpedia.org/resource/Stelios_Kazantzidis,512497
http://dbpedia.org/resource/Marisol_Escobar,1392224
http://dbpedia.org/resource/Maury_Yeston,309084
http://dbpedia.org/resource/David_Leland,2290176
http://dbpedia.org/resource/Lobo_(musician),615031
http://dbpedia.org/resource/Pannalal_Ghosh,1322881
http://dbpedia.org/resource/Red_Grooms,1709886
http://dbpedia.org/resource/Otis_Spann,297375
http://dbpedia.org/resource/Dave_Mason,701860
http://dbpedia.org/resource/Kenny_Dorham,348348
http://dbpedia.org/resource/Johan_Svendsen,595133
http://dbpedia.org/resource/Marzieh_(singer),1433271
http://dbpedia.org/resource/Sheila_(singer),604066
http://dbpedia.org/resource/Jean_Del_Val,1786533
http://dbpedia.org/resource/Igor_Gorbachyov,51033485
http://dbpedia.org/resource/Richard_Quine,1048151
http://dbpedia.org/resource/Cher,80696
http://dbpedia.org/resource/Ruth_Etting,1495782
http://dbpedia.org/resource/Glenn_Tipton,262463
http://dbpedia.org/resource/Anna_German,3594556
http://dbpedia.org/resource/Shivkumar_Sharma,1181499
http://dbpedia.org/resource/John_Henry_Newman,83895
http://dbpedia.org/resource/Berry_Gordy,277731
http://dbpedia.org/resource/Allan_Monk,2508150
http://dbpedia.org/resource/Rodion_Shchedrin,728429
http://dbpedia.org/resource/W._C._Handy,58067
http://dbpedia.org/resource/Wojciech_Kilar,45450
http://dbpedia.org/resource/Jymie_Merritt,261534
http://dbpedia.org/resource/Red_Allen,181985
http://dbpedia.org/resource/José_Feliciano,209161
http://dbpedia.org/resource/Mary_Ford,540027
http://dbpedia.org/resource/Carl_W._Stalling,140632
http://dbpedia.org/resource/Jim_Steinman,252147
http://dbpedia.org/resource/Hamilton_Camp,2830223
http://dbpedia.org/resource/Vincent_Youmans,592841
http://dbpedia.org/resource/John_Hammond_(record_producer),459887
http://dbpedia.org/resource/Charlie_Feathers,1174545
http://dbpedia.org/resource/Rufus_Thomas,467101
http://dbpedia.org/resource/Cheryl_Holdridge,933559
http://dbpedia.org/resource/Harold_Loeffelmacher,488800
http://dbpedia.org/resource/Andraé_Crouch,576282
http://dbpedia.org/resource/Django_Reinhardt,9039
http://dbpedia.org/resource/James_Dewar_(musician),1593203
http://dbpedia.org/resource/Liza_Minnelli,59216
http://dbpedia.org/resource/James_Rosenquist,306480
http://dbpedia.org/resource/Alam_Khan_(composer),52926317
http://dbpedia.org/resource/Stella_Blakemore,3291750
http://dbpedia.org/resource/Bette_Davis,63517
http://dbpedia.org/resource/Danny_Whitten,1515991
http://dbpedia.org/resource/Greg_Lake,608845
http://dbpedia.org/resource/Nie_Er,1373444
http://dbpedia.org/resource/Bunny_Berigan,559173
http://dbpedia.org/resource/Tom_Jones_(singer),45968
http://dbpedia.org/resource/Wacław_Kisielewski,1346743
http://dbpedia.org/resource/Michel_Fugain,2461503
http://dbpedia.org/resource/Kate_Wolf,1236563
http://dbpedia.org/resource/Aarre_Merikanto,1058567
http://dbpedia.org/resource/Sue_Carol,2591808
http://dbpedia.org/resource/J.J._Jackson_(media_personality),615348
http://dbpedia.org/resource/Dick_James,571468
http://dbpedia.org/resource/Ted_White_(author),1049483
http://dbpedia.org/resource/Pete_Atkin,948305
http://dbpedia.org/resource/Luther_Allison,1429918
http://dbpedia.org/resource/Joan_Rivers,265883
http://dbpedia.org/resource/Freddie_Green,3689332
http://dbpedia.org/resource/Geoffrey_K._Pullum,1000228
http://dbpedia.org/resource/Nikita_Mikhalkov,712322
http://dbpedia.org/resource/Cab_Calloway,155965
http://dbpedia.org/resource/Sammy_Kaye,879937
http://dbpedia.org/resource/Arthur_Godfrey,418568
http://dbpedia.org/resource/Ellen_Taaffe_Zwilich,156414
http://dbpedia.org/resource/Robert_Klein,553740
http://dbpedia.org/resource/Eva_Tanguay,845266
http://dbpedia.org/resource/Marc_Blitzstein,320685
http://dbpedia.org/resource/Udo_Kasemets,1787782
http://dbpedia.org/resource/James_Nares_(composer),1758540
http://dbpedia.org/resource/Marion_Williams,399102
http://dbpedia.org/resource/Andrew_Davis_(conductor),2771033
http://dbpedia.org/resource/Paul_Dessau,3463240
http://dbpedia.org/resource/Nina_Grieg,1271437
http://dbpedia.org/resource/Cathryn_Damon,1186480
http://dbpedia.org/resource/Joe_Farrell,2667535
http://dbpedia.org/resource/Peggy_Lipton,2232977
http://dbpedia.org/resource/Ishmael_Reed,314487
http://dbpedia.org/resource/Don_LaFontaine,472272
http://dbpedia.org/resource/Friedrich_Nietzsche,10671
http://dbpedia.org/resource/Zülfü_Livaneli,3535198
http://dbpedia.org/resource/Clara_Novello_Davies,1914666
http://dbpedia.org/resource/Ruth_Brown,147308
http://dbpedia.org/resource/Wilbert_Harrison,1562492
http://dbpedia.org/resource/Ivan_Galamian,1275454
http://dbpedia.org/resource/Kyu_Sakamoto,420376
http://dbpedia.org/resource/Jamie_Reid,328940
http://dbpedia.org/resource/Oskar_Gottlieb_Blarr,52527037
http://dbpedia.org/resource/Robert_Stigwood,599992
http://dbpedia.org/resource/Randolph_Stow,413078
http://dbpedia.org/resource/Antoni_Radziwiłł,479958
http://dbpedia.org/resource/Ella_Mitchell,3799586
http://dbpedia.org/resource/Michael_Morrow,50902387
http://dbpedia.org/resource/Carl_Davis,1571869
http://dbpedia.org/resource/Eubie_Blake,106366
http://dbpedia.org/resource/Lee_Remick,181998
http://dbpedia.org/resource/Tony_O'Malley,1338619
http://dbpedia.org/resource/Johnnie_Taylor,211626
http://dbpedia.org/resource/John_Gary,1407035
http://dbpedia.org/resource/Aribert_Reimann,3547359
http://dbpedia.org/resource/Donna_McKechnie,1205991
http://dbpedia.org/resource/Samuel_E._Wright,716617
http://dbpedia.org/resource/Luther_Grosvenor,1439437
http://dbpedia.org/resource/Don_Thompson_(musician),2815597
http://dbpedia.org/resource/Maurice_Cocagnac,52077813
http://dbpedia.org/resource/Jeffrey_Hammond,777352
http://dbpedia.org/resource/Hans_Dulfer,585649
http://dbpedia.org/resource/Jackie_Lee_(Irish_singer),3141790
http://dbpedia.org/resource/Mike_Harding,1092607
http://dbpedia.org/resource/Muhammad_Ali,63747
http://dbpedia.org/resource/Joseph_Shaw_(editor),208803
http://dbpedia.org/resource/Emmett_Hardy,181946
http://dbpedia.org/resource/Barbara_Eden,707930
http://dbpedia.org/resource/Paul_Natorp,2370955
http://dbpedia.org/resource/Howard_S._Becker,1561641
http://dbpedia.org/resource/Daklon,670305
http://dbpedia.org/resource/Harpo_Marx,150095
http://dbpedia.org/resource/Cornelis_Jacobus_Langenhoven,1228021
http://dbpedia.org/resource/Juan_García_Esquivel,38910
http://dbpedia.org/resource/Tabu_Ley_Rochereau,2785324
http://dbpedia.org/resource/Gary_Bartz,632683
http://dbpedia.org/resource/Hiram_Bingham_I,735176
http://dbpedia.org/resource/T._V._Sankaranarayanan,597665
http://dbpedia.org/resource/William_Jurgens,1089533
http://dbpedia.org/resource/Neil_Bogart,1566844
http://dbpedia.org/resource/Ève_Demaillot,50963136
http://dbpedia.org/resource/Lenny_Bruce,50016
http://dbpedia.org/resource/Wavy_Gravy,878467
http://dbpedia.org/resource/Luther_Henderson,1359293
http://dbpedia.org/resource/Rick_Danko,354680
http://dbpedia.org/resource/John_Bacchus_Dykes,2401011
http://dbpedia.org/resource/P._F._Sloan,720273
http://dbpedia.org/resource/Brice_Marden,3585224
http://dbpedia.org/resource/Cavendish_Boyle,554770
http://dbpedia.org/resource/Rebop_Kwaku_Baah,2834129
http://dbpedia.org/resource/Edwin_Austin_Abbey,9700
http://dbpedia.org/resource/Larry_Blyden,1341923
http://dbpedia.org/resource/Jaye_P._Morgan,1505727
http://dbpedia.org/resource/Patsy_Cline,89644
http://dbpedia.org/resource/Otto_Erich_Deutsch,377171
http://dbpedia.org/resource/Carlos_López_Puccio,2296293
http://dbpedia.org/resource/Steve_Allen,144196
http://dbpedia.org/resource/Stonewall_Jackson_(musician),185085
http://dbpedia.org/resource/Nina_Simone,214233
http://dbpedia.org/resource/Catulle_Mendès,1372632
http://dbpedia.org/resource/Oscar_Pettiford,274424
http://dbpedia.org/resource/Jack_Levine,1043762
http://dbpedia.org/resource/Charlie_Rich,625857
http://dbpedia.org/resource/Peter_Gay,722501
http://dbpedia.org/resource/Paul_Williams_(The_Temptations_singer),371878
http://dbpedia.org/resource/Stan_Laurel,897299
http://dbpedia.org/resource/Boris_Asafyev,1113259
http://dbpedia.org/resource/Jimmy_Perry,2341385
http://dbpedia.org/resource/Alexander_Moyzes,3227606
http://dbpedia.org/resource/Flip_Phillips,2519838
http://dbpedia.org/resource/Jon_Vickers,1338168
http://dbpedia.org/resource/Mal_Sharpe,702942
http://dbpedia.org/resource/Dinu_Lipatti,312781
http://dbpedia.org/resource/Jack_Albertson,68308
http://dbpedia.org/resource/Peter_Ustinov,167975
http://dbpedia.org/resource/Johnny_Winter,316711
http://dbpedia.org/resource/Gregorio_Martínez_Sierra,361339
http://dbpedia.org/resource/Jackie_Lomax,3696100
http://dbpedia.org/resource/Gwyneth_Jones_(soprano),2898019
http://dbpedia.org/resource/Elvera_Sanchez,1093129
http://dbpedia.org/resource/Marilyn_Duke,51311898
http://dbpedia.org/resource/Abdul_Karim_Khan,2540996
http://dbpedia.org/resource/Nathaniel_Shilkret,1178548
http://dbpedia.org/resource/Horace_Silver,238175
http://dbpedia.org/resource/Paul_Badura-Skoda,3622246
http://dbpedia.org/resource/Jessi_Colter,1714891
http://dbpedia.org/resource/Ricky_Nelson,164398
http://dbpedia.org/resource/Sylvia_Rexach,1413284
http://dbpedia.org/resource/Imelda_Marcos,294934
http://dbpedia.org/resource/Curtis_Knight,2780714
http://dbpedia.org/resource/Danny_Thompson,2584300
http://dbpedia.org/resource/Richie_Hayward,3204508
http://dbpedia.org/resource/LaVern_Baker,165697
http://dbpedia.org/resource/Cornelius_Gurlitt_(composer),528624
http://dbpedia.org/resource/Mukhtar_Ashrafi,2694884
http://dbpedia.org/resource/Jack_Scott_(singer),1595398
http://dbpedia.org/resource/Vadim_Kozin,1530722
http://dbpedia.org/resource/Ruby_Keeler,189182
http://dbpedia.org/resource/Don_Hastings,871709
http://dbpedia.org/resource/Cass_Elliot,277524
http://dbpedia.org/resource/Mick_Tucker,1593504
http://dbpedia.org/resource/Amanda_Aldridge,2475284
http://dbpedia.org/resource/Paul_Petersen,1551249
http://dbpedia.org/resource/Jack_Guthrie,493715
http://dbpedia.org/resource/James_Montgomery_(poet),837456
http://dbpedia.org/resource/Ijahman_Levi,1084179
http://dbpedia.org/resource/Leon_Theremin,18571
http://dbpedia.org/resource/Franz_Xaver_Wolfgang_Mozart,950070
http://dbpedia.org/resource/Jimmy_Cliff,177220
http://dbpedia.org/resource/Fritz_Weaver,1471350
http://dbpedia.org/resource/George_A._Romero,362109
http://dbpedia.org/resource/Franz_Konwitschny,3682747
http://dbpedia.org/resource/Dmitry_Pokrass,3337272
http://dbpedia.org/resource/Snuff_Garrett,2727386
http://dbpedia.org/resource/Mike_Rudd,1343880
http://dbpedia.org/resource/Caroline_Norton,1189627
http://dbpedia.org/resource/Jim_Perry_(television_personality),1417421
http://dbpedia.org/resource/Billy_Name,3798459
http://dbpedia.org/resource/Joy_Nwosu_Lo-Bamijoko,50667561
http://dbpedia.org/resource/Grahame_Bond,3373682
http://dbpedia.org/resource/Mamie_Van_Doren,630312
http://dbpedia.org/resource/Bhimsen_Joshi,577439
http://dbpedia.org/resource/Adam_Oehlenschläger,39467
http://dbpedia.org/resource/Tom_Zé,419739
http://dbpedia.org/resource/Jeremy_Steig,351206
http://dbpedia.org/resource/Carl_Heinrich_Graun,385713
http://dbpedia.org/resource/Protiva_Bose,3496560
http://dbpedia.org/resource/Édouard_d'Anglemont,50931287
http://dbpedia.org/resource/John_de_Chastelain,457755
http://dbpedia.org/resource/André_De_Shields,3648861
http://dbpedia.org/resource/Glenn_Close,44459
http://dbpedia.org/resource/Rod_Argent,734633
http://dbpedia.org/resource/Léon_de_Bercy,50916271
http://dbpedia.org/resource/Ivan_Lins,1410438
http://dbpedia.org/resource/Lester_Bowie,558968
http://dbpedia.org/resource/Ian_Anderson,223497
http://dbpedia.org/resource/Thom_Bell,1065532
http://dbpedia.org/resource/Judge_Dread,295574
http://dbpedia.org/resource/Gary_Driscoll,980182
http://dbpedia.org/resource/Sol_Hurok,1285387
http://dbpedia.org/resource/Hazel_Dickens,916486
http://dbpedia.org/resource/Alejo_Carpentier,290850
http://dbpedia.org/resource/Peggy_Hopkins_Joyce,3126438
http://dbpedia.org/resource/William_Atherton,1706070
http://dbpedia.org/resource/David_Mamet,8351
http://dbpedia.org/resource/Prabhat_Ranjan_Sarkar,851595
http://dbpedia.org/resource/Anthony_Burgess,49370
http://dbpedia.org/resource/Ossie_Davis,741791
http://dbpedia.org/resource/Sydney_Devine,3533535
http://dbpedia.org/resource/Barbara_W._Tuchman,113560
http://dbpedia.org/resource/Sergei_Lyapunov,1531242
http://dbpedia.org/resource/Helmuth_Rilling,618069
http://dbpedia.org/resource/Emma_Abbott,10120
http://dbpedia.org/resource/John_Stewart_Bell,169917
http://dbpedia.org/resource/Hans_Conried,574577
http://dbpedia.org/resource/Ernest_Ranglin,870413
http://dbpedia.org/resource/Cyrille_Rigaud,50987143
http://dbpedia.org/resource/Harry_Chapin,171050
http://dbpedia.org/resource/Francisco_Tárrega,575924
http://dbpedia.org/resource/Larry_Fine,589925
http://dbpedia.org/resource/Achilles_Alferaki,2659490
http://dbpedia.org/resource/Félix_Leclerc,1107893
http://dbpedia.org/resource/Zhanna_Prokhorenko,1730644
http://dbpedia.org/resource/Louis_Chauvin,1517676
http://dbpedia.org/resource/John_Paul_Jones_(musician),54268
http://dbpedia.org/resource/Clarence_Paul,2553865
http://dbpedia.org/resource/Benjamin_Franklin,3986
http://dbpedia.org/resource/Lucky_Millinder,264312
http://dbpedia.org/resource/Lew_Brown,245879
http://dbpedia.org/resource/Jean_Robiquet,50947405
http://dbpedia.org/resource/Dane_Rudhyar,647545
http://dbpedia.org/resource/Roy_Blount_Jr.,817466
http://dbpedia.org/resource/Ben_Weisman,2343819
http://dbpedia.org/resource/Tony_Croatto,290808
http://dbpedia.org/resource/Joe_Cocker,88371
http://dbpedia.org/resource/Antony_Choudens,50734876
http://dbpedia.org/resource/Giulio_Bonnard,52077607
http://dbpedia.org/resource/Hephzibah_Menuhin,3236194
http://dbpedia.org/resource/Chayito_Valdez,861478
http://dbpedia.org/resource/Jimmy_Carl_Black,747500
http://dbpedia.org/resource/Arthur_Haynes,2811507
http://dbpedia.org/resource/Helen_Hayes,177771
http://dbpedia.org/resource/Sarah_Kernochan,1097923
http://dbpedia.org/resource/Robert_Farnon,1788051
http://dbpedia.org/resource/Debbie_Reynolds,70315
http://dbpedia.org/resource/Edward_Albee,44309
http://dbpedia.org/resource/John_Giorno,1272132
http://dbpedia.org/resource/Henry_Smart,1790990
http://dbpedia.org/resource/Elvira_Ríos,52520413
http://dbpedia.org/resource/James_Blood_Ulmer,739770
http://dbpedia.org/resource/Larry_Norman,97205
http://dbpedia.org/resource/Big_Joe_Williams,391522
http://dbpedia.org/resource/Karl_Haas,1059399
http://dbpedia.org/resource/The_Big_Bopper,103549
http://dbpedia.org/resource/Pietro_Mascagni,37931
http://dbpedia.org/resource/Christy_Moore,1022191
http://dbpedia.org/resource/Jean-Baptiste-Pierre_Lafitte,50686116
http://dbpedia.org/resource/Vess_Ossman,3152159
http://dbpedia.org/resource/Bob_Braun,1869640
http://dbpedia.org/resource/Art_Blakey,243651
http://dbpedia.org/resource/Ed_Bickert,2584673
http://dbpedia.org/resource/Lili_Damita,670076
http://dbpedia.org/resource/Bonga_(musician),2334505
http://dbpedia.org/resource/Louis_Auchincloss,481300
http://dbpedia.org/resource/Armen_Dzhigarkhanyan,3079914
http://dbpedia.org/resource/Walter_Willson_Cobbett,1497012
http://dbpedia.org/resource/Nick_Joaquin,1753869
http://dbpedia.org/resource/Graeme_Garden,50452
http://dbpedia.org/resource/Ish_Kabibble,3561690
http://dbpedia.org/resource/M._Balamuralikrishna,437777
http://dbpedia.org/resource/Terry_Woods,3225681
http://dbpedia.org/resource/Cissy_Houston,926691
http://dbpedia.org/resource/Bismillah_Khan,1470710
http://dbpedia.org/resource/Ted_Koehler,787927
http://dbpedia.org/resource/Jehan_Alain,1052490
http://dbpedia.org/resource/Juanita_García,50782750
http://dbpedia.org/resource/Bob_Franke,3180885
http://dbpedia.org/resource/Nancy_Spero,904930
http://dbpedia.org/resource/Harold_Rome,746774
http://dbpedia.org/resource/Vayalar_Ramavarma,196217
http://dbpedia.org/resource/Alexander_Vertinsky,2825270
http://dbpedia.org/resource/Fats_Pichon,1073691
http://dbpedia.org/resource/Josef_Gingold,820730
http://dbpedia.org/resource/Phineas_Newborn_Jr.,2928274
"http://dbpedia.org/resource/John_Fane,_11th_Earl_of_Westmorland",2900106
http://dbpedia.org/resource/Gesang_Martohartono,3280230
http://dbpedia.org/resource/Michael_Mantler,3516152
http://dbpedia.org/resource/Lena_Machado,52811631
http://dbpedia.org/resource/Francis_O'Neill,3180265
http://dbpedia.org/resource/Leonhard_Euler,17902
http://dbpedia.org/resource/Billie_Holiday,50420
http://dbpedia.org/resource/Gilberto_Gil,177293
http://dbpedia.org/resource/Brian_Epstein,129194
http://dbpedia.org/resource/Gene_Cotton,2704521
http://dbpedia.org/resource/Sadao_Watanabe_(musician),1244554
http://dbpedia.org/resource/Randy_Weston,3488554
http://dbpedia.org/resource/Yevgeny_Leonov,1808209
http://dbpedia.org/resource/Camille_Nickerson,1425206
http://dbpedia.org/resource/Floyd_Dixon,3816378
http://dbpedia.org/resource/James_Weldon_Johnson,209276
http://dbpedia.org/resource/Wally_Waller,52837049
http://dbpedia.org/resource/Eddie_Albert,838629
http://dbpedia.org/resource/Doc_Watson,92450
http://dbpedia.org/resource/Conrad_Janis,2980522
http://dbpedia.org/resource/George_Enescu,319074
http://dbpedia.org/resource/Guy_Clark,671637
http://dbpedia.org/resource/Tommy_Hunter,1265845
http://dbpedia.org/resource/Edwin_Pearce_Christy,2625004
http://dbpedia.org/resource/Wenche_Foss,3004631
http://dbpedia.org/resource/Eliades_Ochoa,2266591
http://dbpedia.org/resource/Sam_Coslow,766300
http://dbpedia.org/resource/Peter_Dawson_(bass-baritone),442116
http://dbpedia.org/resource/Omara_Portuondo,840622
http://dbpedia.org/resource/Lanny_Wolfe,2672499
http://dbpedia.org/resource/Lar_Lubovitch,1271796
http://dbpedia.org/resource/Xian_Xinghai,2617984
http://dbpedia.org/resource/Murray_Perahia,858538
http://dbpedia.org/resource/Patricia_Bishop,52811997
http://dbpedia.org/resource/Richard_Dobson,3266294
http://dbpedia.org/resource/Aline_Chrétien,366362
http://dbpedia.org/resource/Fran_Allison,3236079
http://dbpedia.org/resource/Bruce_Haack,1560872
http://dbpedia.org/resource/Héctor_Lavoe,593468
http://dbpedia.org/resource/Alfredo_Casella,855002
http://dbpedia.org/resource/Ferlin_Husky,344562
http://dbpedia.org/resource/Estelle_Bennett,1209685
http://dbpedia.org/resource/John_Gabriel_(actor),2253021
http://dbpedia.org/resource/Roger_Toziny,50929631
http://dbpedia.org/resource/Robert_David_Hall,1234422
http://dbpedia.org/resource/Louis_Farrakhan,154191
http://dbpedia.org/resource/Charles_Tomlinson_Griffes,621065
http://dbpedia.org/resource/Albert_Ayler,155107
http://dbpedia.org/resource/Euday_L._Bowman,1517721
http://dbpedia.org/resource/Albert_Baez,2891853
http://dbpedia.org/resource/Seger_Ellis,777623
http://dbpedia.org/resource/Hugo_Blanco_(musician),2236628
http://dbpedia.org/resource/Gábor_Szabó,991714
http://dbpedia.org/resource/Chaim_Topol,7585
http://dbpedia.org/resource/John_Blake_Jr.,3217228
http://dbpedia.org/resource/Julie_Felix,3026264
http://dbpedia.org/resource/Norman_Smith_(record_producer),470115
http://dbpedia.org/resource/Menahem_Pressler,708521
http://dbpedia.org/resource/Woody_Shaw,696825
http://dbpedia.org/resource/Josie_Carey,699151
http://dbpedia.org/resource/Andy_Mackay,2657736
http://dbpedia.org/resource/Lili_Ivanova,3445142
http://dbpedia.org/resource/Lou_Courtney,52011352
http://dbpedia.org/resource/Noel_Redding,226445
http://dbpedia.org/resource/Erwin_Schulhoff,2579410
http://dbpedia.org/resource/Snooky_Young,806373
http://dbpedia.org/resource/Stephen_Collins,329722
http://dbpedia.org/resource/Francisco_Canaro,715167
http://dbpedia.org/resource/Raveendran,3460078
http://dbpedia.org/resource/William_Frawley,259159
http://dbpedia.org/resource/Alice_Coltrane,1714150
http://dbpedia.org/resource/Mario_Cazes,51264363
http://dbpedia.org/resource/Pepper_Adams,695584
http://dbpedia.org/resource/Zoran_Simjanović,2706101
http://dbpedia.org/resource/George_Ade,1065581
http://dbpedia.org/resource/Dick_Powell,205811
http://dbpedia.org/resource/Phil_Nimmons,2431461
http://dbpedia.org/resource/Graham_Bond,3197212
http://dbpedia.org/resource/Stanley_Ralph_Ross,3064783
http://dbpedia.org/resource/Pigmeat_Markham,232719
http://dbpedia.org/resource/George_Wallington,877017
http://dbpedia.org/resource/Eric_Bentley,1196793
http://dbpedia.org/resource/Czesław_Niemen,446019
http://dbpedia.org/resource/Irwin_Goodman,3358257
http://dbpedia.org/resource/Jerry_Keller,1491559
http://dbpedia.org/resource/Little_Willie_John,164481
http://dbpedia.org/resource/Wyn_Morris,2380121
http://dbpedia.org/resource/Terry_Melcher,1194878
http://dbpedia.org/resource/Fumihiko_Maki,2233161
http://dbpedia.org/resource/Ron_Geesin,909222
http://dbpedia.org/resource/Captain_Beefheart,63283
http://dbpedia.org/resource/Helmut_Lachenmann,221191
http://dbpedia.org/resource/Cedar_Walton,289669
http://dbpedia.org/resource/Little_Sonny_Warner,423820
http://dbpedia.org/resource/Joni_James,537467
http://dbpedia.org/resource/Aristarkh_Livanov,50893532
http://dbpedia.org/resource/Deryck_Guyler,152097
http://dbpedia.org/resource/Dick_Wagner,3583583
http://dbpedia.org/resource/John_Montague_(poet),2738707
http://dbpedia.org/resource/Símun_av_Skarði,1758122
http://dbpedia.org/resource/Jack_Pepper,280945
http://dbpedia.org/resource/Olga_Guillot,1774359
http://dbpedia.org/resource/Gustav_Nicolai,51012206
http://dbpedia.org/resource/Jonathan_King,655613
http://dbpedia.org/resource/Marcel_Journet,1479807
http://dbpedia.org/resource/Hasil_Adkins,850294
http://dbpedia.org/resource/Bill_McKinney,1245489
http://dbpedia.org/resource/Red_Skelton,248708
http://dbpedia.org/resource/Luc_Plamondon,965420
http://dbpedia.org/resource/Jean_Goldkette,267627
http://dbpedia.org/resource/Ivor_Cutler,577944
http://dbpedia.org/resource/Don_Williams,1875304
http://dbpedia.org/resource/Rosa_Mayreder,2800969
http://dbpedia.org/resource/Shelley_Fabares,1551347
http://dbpedia.org/resource/Florence_Ballard,205720
http://dbpedia.org/resource/Chris_Albertson,1113588
http://dbpedia.org/resource/Red_Rodney,891723
http://dbpedia.org/resource/George_Benson,12945
http://dbpedia.org/resource/Shirley_Owens,1081839
http://dbpedia.org/resource/Barry_White,56386
http://dbpedia.org/resource/Rita_Pavone,2706137
http://dbpedia.org/resource/Marie_Adams,52040124
http://dbpedia.org/resource/Al_Wilson_(singer),2930053
http://dbpedia.org/resource/Andy_Razaf,54878
http://dbpedia.org/resource/Mikhail_Fichtenholz,3606301
http://dbpedia.org/resource/Chu_Berry,2335672
http://dbpedia.org/resource/Heinrich_Jalowetz,3411455
http://dbpedia.org/resource/Maryanne_Amacher,439467
http://dbpedia.org/resource/Wallace_F._Bennett,864356
http://dbpedia.org/resource/Mitch_Miller,472821
http://dbpedia.org/resource/Gene_Vincent,165726
http://dbpedia.org/resource/Richard_Pelham,3757644
http://dbpedia.org/resource/Camilo_Sesto,105767
http://dbpedia.org/resource/Johnny_Otis,192024
http://dbpedia.org/resource/Alexis_Smith,981787
http://dbpedia.org/resource/Scrapper_Blackwell,3419345
http://dbpedia.org/resource/Cy_Twombly,1451518
http://dbpedia.org/resource/William_Alwyn,1394504
http://dbpedia.org/resource/Jeff_Wayne,1263963
http://dbpedia.org/resource/Jean_Terrell,874840
http://dbpedia.org/resource/Chico_Hamilton,559163
http://dbpedia.org/resource/Geoffrey_Burgon,2960907
http://dbpedia.org/resource/Kevin_Kline,221558
http://dbpedia.org/resource/Norman_Granz,49906
http://dbpedia.org/resource/Edward_Elgar,10085
http://dbpedia.org/resource/Mzilikazi_Khumalo,51301225
http://dbpedia.org/resource/Kenneth_Snelson,874862
http://dbpedia.org/resource/Ahmad_Jamal,582519
http://dbpedia.org/resource/Grover_Washington_Jr.,994118
http://dbpedia.org/resource/Annesley_Malewana,1209484
http://dbpedia.org/resource/Franklin_P._Adams,966302
http://dbpedia.org/resource/Burning_Spear,66585
http://dbpedia.org/resource/Massimo_d'Azeglio,795427
http://dbpedia.org/resource/Irena_Santor,1164879
http://dbpedia.org/resource/Gregor_Piatigorsky,1254005
http://dbpedia.org/resource/Bill_Szymczyk,2457905
http://dbpedia.org/resource/Mirna_Doris,51449857
http://dbpedia.org/resource/Theodore_Bikel,492026
http://dbpedia.org/resource/Jimmy_Miller,1372235
http://dbpedia.org/resource/Frances_Adaskin,2524294
http://dbpedia.org/resource/Carl_Dobkins_Jr.,3832645
http://dbpedia.org/resource/Paul_Quinichette,618129
http://dbpedia.org/resource/Margaret_Rosezarian_Harris,51382438
http://dbpedia.org/resource/Walter_Murch,526281
http://dbpedia.org/resource/Conny_Plank,905775
http://dbpedia.org/resource/Dixie_Lee,3263983
http://dbpedia.org/resource/Gene_Barry,1578500
http://dbpedia.org/resource/Nils-Aslak_Valkeapää,2869507
http://dbpedia.org/resource/Luigi_Tenco,1876457
http://dbpedia.org/resource/Sidney_Sheinberg,3136059
http://dbpedia.org/resource/Lucienne_Boyer,562392
http://dbpedia.org/resource/Tom_Fogerty,984900
http://dbpedia.org/resource/Harry_Everett_Smith,1453044
http://dbpedia.org/resource/Don_McNeill_(radio_presenter),2330834
http://dbpedia.org/resource/David_%22Honeyboy%22_Edwards,936912
http://dbpedia.org/resource/Peter_Wyngarde,1391973
http://dbpedia.org/resource/Harry_Edison,322567
http://dbpedia.org/resource/Anahid_Ajemian,2284844
http://dbpedia.org/resource/Paul_Maxwell,3418089
http://dbpedia.org/resource/Nino_Rota,143160
http://dbpedia.org/resource/Phillip_Walker_(musician),2642841
http://dbpedia.org/resource/Jayne_Cortez,2553132
http://dbpedia.org/resource/Ian_Tyson,1048172
http://dbpedia.org/resource/Tamara_Bulat,51940478
http://dbpedia.org/resource/Carl_Perkins,98513
http://dbpedia.org/resource/Mike_Clark_(jazz_musician),3081864
http://dbpedia.org/resource/Dan_Penn,3450382
http://dbpedia.org/resource/Dorothy_Ashby,2269540
http://dbpedia.org/resource/Ton_Koopman,3818460
http://dbpedia.org/resource/Dr._Rajkumar,515447
http://dbpedia.org/resource/George_Beverly_Shea,2281945
http://dbpedia.org/resource/Meade_Lux_Lewis,176912
http://dbpedia.org/resource/Loa_Falkman,2659909
http://dbpedia.org/resource/Garvin_Bushell,3212385
http://dbpedia.org/resource/Eugene_Speicher,2296195
http://dbpedia.org/resource/Tommy_Reilly_(harmonica_player),2750379
http://dbpedia.org/resource/Alisa_Freindlich,2544255
http://dbpedia.org/resource/Eric_Bogle,415848
http://dbpedia.org/resource/Jimmy_Dorsey,194614
http://dbpedia.org/resource/Al_Lowe,1153177
http://dbpedia.org/resource/Jorge_Negrete,1828359
http://dbpedia.org/resource/Peter_Noone,762314
http://dbpedia.org/resource/Muhal_Richard_Abrams,379324
http://dbpedia.org/resource/Jackie_DeShannon,328330
http://dbpedia.org/resource/Léon_Uhl,50937756
http://dbpedia.org/resource/Paul_Kletzki,2890708
http://dbpedia.org/resource/Unni_Bernhoft,52006456
http://dbpedia.org/resource/Billy_Cox,3779497
http://dbpedia.org/resource/Alan_Lomax,173225
http://dbpedia.org/resource/Master_Madan,1422240
http://dbpedia.org/resource/Brownie_McGhee,4737
http://dbpedia.org/resource/Naomi_Judd,1605379
http://dbpedia.org/resource/Edmund_Clarence_Stedman,1215145
http://dbpedia.org/resource/Bruno_Nicolai,3014192
http://dbpedia.org/resource/Sulkhan_Tsintsadze,3452637
http://dbpedia.org/resource/Maria_Perschy,1296456
http://dbpedia.org/resource/Joe_Brown_(singer),208956
http://dbpedia.org/resource/Winnaretta_Singer,910077
http://dbpedia.org/resource/Clarence_White,1253793
http://dbpedia.org/resource/Sequeira_Costa,1913885
http://dbpedia.org/resource/J._D._Souther,1129635
http://dbpedia.org/resource/Chris_Stamp,3574085
http://dbpedia.org/resource/Lester_Flatt,60626
http://dbpedia.org/resource/Merl_Saunders,2833181
http://dbpedia.org/resource/Jimmy_Heath,793333
http://dbpedia.org/resource/Tillman_Franks,1826921
http://dbpedia.org/resource/Hoyt_Curtin,1470994
http://dbpedia.org/resource/Vito_Acconci,222210
http://dbpedia.org/resource/Enrico_Caruso,67892
http://dbpedia.org/resource/Karl_Klindworth,528652
http://dbpedia.org/resource/Manfred_Eicher,2539541
http://dbpedia.org/resource/Louis_Moholo,1396921
http://dbpedia.org/resource/Hersal_Thomas,2345798
http://dbpedia.org/resource/Joan_Carroll,1354864
http://dbpedia.org/resource/Wally_Schirra,331463
http://dbpedia.org/resource/Monica_Zetterlund,1882145
http://dbpedia.org/resource/The_Boswell_Sisters,198362
http://dbpedia.org/resource/Axel_Stordahl,709620
http://dbpedia.org/resource/Mabel_Mercer,2888557
http://dbpedia.org/resource/Eugène_Bozza,1056463
http://dbpedia.org/resource/Phil_Silvers,310022
http://dbpedia.org/resource/Bernard_Derome,2811295
http://dbpedia.org/resource/George_Lam,2278498
http://dbpedia.org/resource/Dobie_Gray,2850239
http://dbpedia.org/resource/Roosevelt_Sykes,523339
http://dbpedia.org/resource/Sneaky_Pete_Kleinow,2563311
http://dbpedia.org/resource/Blair_Brown,350673
http://dbpedia.org/resource/Robert_Mitchum,87603
http://dbpedia.org/resource/Donatas_Banionis,1469838
http://dbpedia.org/resource/Gene_Austin,579599
http://dbpedia.org/resource/Norman_Harris_(musician),2441284
http://dbpedia.org/resource/Donald_Knuth,8095
http://dbpedia.org/resource/Irène_Schweizer,2875914
http://dbpedia.org/resource/Christoph_Eschenbach,1354646
http://dbpedia.org/resource/Carl_Betz,2812504
http://dbpedia.org/resource/Anthony_Newley,351996
http://dbpedia.org/resource/Pierre-Julien_Nargeot,51055506
http://dbpedia.org/resource/Barbara_Dickson,606115
http://dbpedia.org/resource/Dave_Holland,589693
http://dbpedia.org/resource/Peter_Maxwell_Davies,392501
http://dbpedia.org/resource/Kidd_Jordan,3795474
http://dbpedia.org/resource/Martin_Scorsese,18995
http://dbpedia.org/resource/Dave_Hill,1433411
http://dbpedia.org/resource/Paul_Francis_Webster,413210
http://dbpedia.org/resource/Ted_Nichols,1477038
http://dbpedia.org/resource/Mary_Garden,265877
http://dbpedia.org/resource/Fred_Rogers,137869
http://dbpedia.org/resource/Winifred_Wagner,149935
http://dbpedia.org/resource/Vernon_Barford,3391490
http://dbpedia.org/resource/Fred_Karno,343176
http://dbpedia.org/resource/Eileen_Barton,3478434
http://dbpedia.org/resource/John_Hinch_(musician),3126224
http://dbpedia.org/resource/Marius_Petipa,1709914
http://dbpedia.org/resource/Robert_Nathaniel_Dett,1354212
http://dbpedia.org/resource/Bridget_St_John,1213916
http://dbpedia.org/resource/Danny_(Finnish_singer),3606266
http://dbpedia.org/resource/Albert_Lord,345114
http://dbpedia.org/resource/Django_Reinhardt,9039
http://dbpedia.org/resource/Marie-Louise_Damien,75200
http://dbpedia.org/resource/Phoebe_Knapp,1597545
http://dbpedia.org/resource/Lightnin'_Hopkins,298563
http://dbpedia.org/resource/Quincy_Jones,205508
http://dbpedia.org/resource/Arthur_Grumiaux,760333
http://dbpedia.org/resource/Joe_Simon_(musician),997083
http://dbpedia.org/resource/Scan_Tester,1234606
http://dbpedia.org/resource/Wayne_Newton,556410
http://dbpedia.org/resource/Léo_Ferré,455818
http://dbpedia.org/resource/Johnny_Smith,454616
http://dbpedia.org/resource/Gwen_Verdon,55608
http://dbpedia.org/resource/Diane_Dufresne,525151
http://dbpedia.org/resource/Jean_Gabin,1115155
http://dbpedia.org/resource/Alex_Riel,695088
http://dbpedia.org/resource/Harold_Adamson,790333
http://dbpedia.org/resource/Bob_Dorough,1745996
http://dbpedia.org/resource/Margaret_Truman,761492
http://dbpedia.org/resource/Scott_Walker_(singer),703488
http://dbpedia.org/resource/Del_Shannon,164576
http://dbpedia.org/resource/Ken_Hensley,939726
http://dbpedia.org/resource/Ciccio_Busacca,3396268
http://dbpedia.org/resource/Sammy_Cahn,323499
http://dbpedia.org/resource/Lili_Chookasian,1303365
http://dbpedia.org/resource/Eddie_Rabbitt,1147577
http://dbpedia.org/resource/Mohammed_Rafi,356414
http://dbpedia.org/resource/Ric_Ocasek,483585
http://dbpedia.org/resource/Claude_Nougaro,505799
http://dbpedia.org/resource/George_Burns,70020
http://dbpedia.org/resource/Dexter_Gordon,168565
http://dbpedia.org/resource/James_Truslow_Adams,1254002
http://dbpedia.org/resource/David_Daniels_(conductor),50643509
http://dbpedia.org/resource/Gribouille,562642
http://dbpedia.org/resource/Kathryn_Grayson,154038
http://dbpedia.org/resource/Bobby_Short,581625
http://dbpedia.org/resource/Rena_Vlahopoulou,866345
http://dbpedia.org/resource/Joe_Haldeman,207769
http://dbpedia.org/resource/Dorothy_Gibson,3620666
http://dbpedia.org/resource/Gertrude_Lawrence,592843
http://dbpedia.org/resource/John_Bunny,907187
http://dbpedia.org/resource/Rex_Stewart,827409
http://dbpedia.org/resource/Vivian_Vance,346303
http://dbpedia.org/resource/Alexandra_(singer),2448674
http://dbpedia.org/resource/Ron_Mael,652114
http://dbpedia.org/resource/Pink_Anderson,386760
http://dbpedia.org/resource/Doda_Conrad,52948521
http://dbpedia.org/resource/Gene_Rayburn,60907
http://dbpedia.org/resource/Bo_Diddley,5033
http://dbpedia.org/resource/Ahn_Changho,1310858
http://dbpedia.org/resource/Mick_Farren,886285
http://dbpedia.org/resource/Lefteris_Papadopoulos,3808845
http://dbpedia.org/resource/P._B._Sreenivas,1103482
http://dbpedia.org/resource/Dennis_DeYoung,648294
http://dbpedia.org/resource/Lill-Babs,2377280
http://dbpedia.org/resource/Bob_Mackie,2865559
http://dbpedia.org/resource/Al_Grey,2985243
http://dbpedia.org/resource/Olav_Anton_Thommessen,3344033
http://dbpedia.org/resource/Everett_Dirksen,103566
http://dbpedia.org/resource/Juana_Bacallao,53098170
http://dbpedia.org/resource/Monty_Budwig,3450589
http://dbpedia.org/resource/Ken_Berry,1883095
http://dbpedia.org/resource/Joonas_Kokkonen,1549850
http://dbpedia.org/resource/Peter_Max,141330
http://dbpedia.org/resource/Judith_Kaplan_Eisenstein,52170176
http://dbpedia.org/resource/Mike_Burstyn,2308152
http://dbpedia.org/resource/Big_Boy_Henry,52339228
http://dbpedia.org/resource/Charles_Brown_(musician),166529
http://dbpedia.org/resource/Snooky_Pryor,757387
http://dbpedia.org/resource/Clarence_Cameron_White,1354841
http://dbpedia.org/resource/David_Ackles,2579694
http://dbpedia.org/resource/Lou_Frizzell,51560453
http://dbpedia.org/resource/Mance_Lipscomb,20484
http://dbpedia.org/resource/Chris_Farlowe,1321577
http://dbpedia.org/resource/Alan_Bush,64598
http://dbpedia.org/resource/Anton_LaVey,238765
http://dbpedia.org/resource/Chuck_Jackson,2974145
http://dbpedia.org/resource/Ricky_Shayne,52557970
http://dbpedia.org/resource/Brian_Hibbard,1323952
http://dbpedia.org/resource/Isla_Cameron,3347663
http://dbpedia.org/resource/Robert_Altman,43823
http://dbpedia.org/resource/Hans_Bronsart_von_Schellendorff,325790
http://dbpedia.org/resource/Lyubov_Orlova,1010510
http://dbpedia.org/resource/Tom_Dowd,1320240
http://dbpedia.org/resource/Joan_Manuel_Serrat,706650
http://dbpedia.org/resource/Dan_Kiley,2450365
http://dbpedia.org/resource/John_%22Jabo%22_Starks,3614145
http://dbpedia.org/resource/Dele_Ojo,50655124
http://dbpedia.org/resource/Vassilis_Tsitsanis,752694
http://dbpedia.org/resource/Erkin_Koray,1148248
http://dbpedia.org/resource/Marty_Kristian,354196
http://dbpedia.org/resource/Mississippi_John_Hurt,20215
http://dbpedia.org/resource/Charles_Laughton,61641
http://dbpedia.org/resource/Don_Rendell,1474046
http://dbpedia.org/resource/Gordon_Bok,288011
http://dbpedia.org/resource/Larry_Williams,409969
http://dbpedia.org/resource/Massiel,1569660
http://dbpedia.org/resource/Jean_Brooks,2317280
http://dbpedia.org/resource/Perucho_Figueredo,2520364
http://dbpedia.org/resource/Jimmy_Knepper,340945
http://dbpedia.org/resource/Howard_Tate,1790603
http://dbpedia.org/resource/John_Rubinstein,3723757
http://dbpedia.org/resource/Guy_Mitchell,558203
http://dbpedia.org/resource/George_%22Harmonica%22_Smith,2872947
http://dbpedia.org/resource/Fred_Ahlert,3394339
http://dbpedia.org/resource/William_Trevor,720783
http://dbpedia.org/resource/Tubby_Hayes,1403521
http://dbpedia.org/resource/Antonio_Paoli,984106
http://dbpedia.org/resource/Bettina_von_Arnim,833172
http://dbpedia.org/resource/Anita_Pallenberg,347201
http://dbpedia.org/resource/Paul_McCandless,2320846
http://dbpedia.org/resource/Shel_Silverstein,98217
http://dbpedia.org/resource/Toni_Morrison,43165
http://dbpedia.org/resource/E._T._Cook,696261
http://dbpedia.org/resource/David_Gates,162348
http://dbpedia.org/resource/Kenneth_Mars,973172
http://dbpedia.org/resource/Kenneth_Copeland,544455
http://dbpedia.org/resource/Mike_Read,984155
http://dbpedia.org/resource/Vasily_Livanov,2952161
http://dbpedia.org/resource/Milton_Berle,46284
http://dbpedia.org/resource/Rubén_Fuentes,1476033
http://dbpedia.org/resource/Ehud_Manor,1733863
http://dbpedia.org/resource/Bill_Fay,1047779
http://dbpedia.org/resource/Julius_Baker,220271
http://dbpedia.org/resource/Koko_Taylor,1413790
http://dbpedia.org/resource/Dolly_Parton,8716
http://dbpedia.org/resource/Gary_Peacock,442318
http://dbpedia.org/resource/Maureen_Forrester,1239372
http://dbpedia.org/resource/Allan_Jones_(actor),556374
http://dbpedia.org/resource/Jennifer_Warnes,100487
http://dbpedia.org/resource/Lionel_Edirisinghe,53133116
http://dbpedia.org/resource/Daniel_Santos_(singer),1409780
http://dbpedia.org/resource/Bill_Harris_(musician),1098118
http://dbpedia.org/resource/Gottfried_Semper,76252
http://dbpedia.org/resource/Art_Tatum,152557
http://dbpedia.org/resource/Donald_Hall,1291198
http://dbpedia.org/resource/Donald_Yetter_Gardner,1010943
http://dbpedia.org/resource/Janet_Malcolm,172563
http://dbpedia.org/resource/Vivienne_Segal,3040579
http://dbpedia.org/resource/Sandy_Bull,2708055
http://dbpedia.org/resource/Kitty_Wells,1503167
http://dbpedia.org/resource/Dorothy_Loudon,368130
http://dbpedia.org/resource/Vera_Holme,52625029
http://dbpedia.org/resource/Butch_Trucks,1733334
http://dbpedia.org/resource/James_Landrum_White,1009725
http://dbpedia.org/resource/Lillian_Hayman,2351271
http://dbpedia.org/resource/Les_McCann,2334176
http://dbpedia.org/resource/Mahagama_Sekara,3107530
http://dbpedia.org/resource/Richard_Rodgers,52274
http://dbpedia.org/resource/John_LaPorta,679806
http://dbpedia.org/resource/Abel_Meeropol,570296
http://dbpedia.org/resource/Art_Buchwald,952194
http://dbpedia.org/resource/Filiz_Ali,3190132
http://dbpedia.org/resource/Ned_Washington,770812
http://dbpedia.org/resource/Billy_Fury,1118112
http://dbpedia.org/resource/Pete_Ham,450629
http://dbpedia.org/resource/Lead_Belly,18434
http://dbpedia.org/resource/Arthur_M._Schlesinger_Jr.,1013900
http://dbpedia.org/resource/Alda_Neves_da_Graça_do_Espírito_Santo,1151374
http://dbpedia.org/resource/Anna_Malenfant,50876284
http://dbpedia.org/resource/Arthur_Alexander,395739
http://dbpedia.org/resource/Harry_Burleigh,1150533
http://dbpedia.org/resource/Sandford_Faulkner,294456
